{"metadata":{"asset_id":"a0056cfc-0c94-41bb-bbe8-5b69bb85cc7b","asset_attributes":["notebook"],"name":"insurance_premium_pandas_preprocessing","asset_type":"notebook","created_at":"2021-06-04T16:21:34Z","description":"","origin_country":"us","owner_id":"IBMid-310001D061","project_id":"67a0db6d-e08c-4249-b4b5-1cdae60b45f4","size":19372,"tags":["notebook"],"usage":{"last_update_time":1622823694521,"last_updated_at":"2021-06-04T16:21:34Z"}},"entity":{"notebook":{"kernel":"","originates_from":{"type":"blank"},"runtime":{"environment":"conda2py37-67a0db6d-e08c-4249-b4b5-1cdae60b45f4"}}},"attachments":[{"id":"de83b3e6-82d6-424d-875d-45394c18275b","version":2,"asset_type":"notebook","name":"attachment for notebook a0056cfc-0c94-41bb-bbe8-5b69bb85cc7b","description":"attachment for notebook a0056cfc-0c94-41bb-bbe8-5b69bb85cc7b","mime":"application/json","datasource_type":"193a97c1-4475-4a19-b90c-295c4fdc6517","object_key":"notebook/insurance_premium_pandas_preprocessing_Pe4ZyOiOi.ipynb","creator_id":"IBMid-310001D061","create_time":1622823694520,"size":19372,"is_remote":false,"is_managed":false,"is_referenced":true,"is_object_key_read_only":false,"is_user_provided_path_key":true,"transfer_complete":true,"is_partitioned":false,"complete_time_ticks":1622823694520,"user_data":{},"test_doc":0,"handle":{"bucket":"jumpstartyourjourney-donotdelete-pr-oqtdafrzfezmy8","location":"us-geo","key":"notebook/insurance_premium_pandas_preprocessing_Pe4ZyOiOi.ipynb","upload_id":"done","max_part_num":1},"usage":{"access_count":0,"last_accessor_id":"IBMid-310001D061","last_access_time":1622823694520}}]}
