{"metadata":{"asset_id":"4cf3a5a8-94d4-4412-bab1-a2c4b0088358","asset_attributes":["notebook"],"name":"insurance-expenses-vizualization","asset_type":"notebook","created_at":"2021-06-04T16:20:47Z","description":"","origin_country":"us","owner_id":"iam-ServiceId-9e68bc5f-c5f6-4f6f-8bcf-e57f47b9d1b1","project_id":"67a0db6d-e08c-4249-b4b5-1cdae60b45f4","size":18587,"tags":["notebook"],"usage":{"last_update_time":1622823647887,"last_updated_at":"2021-06-04T16:20:47Z"}},"entity":{"notebook":{"kernel":"","originates_from":{"type":"file"},"runtime":{"environment":"conda2py37-67a0db6d-e08c-4249-b4b5-1cdae60b45f4"}}},"attachments":[{"id":"4f0f0a4e-f108-43bd-ac3a-4e8d446dacc8","version":2,"asset_type":"notebook","name":"attachment for notebook 4cf3a5a8-94d4-4412-bab1-a2c4b0088358","description":"attachment for notebook 4cf3a5a8-94d4-4412-bab1-a2c4b0088358","mime":"application/json","datasource_type":"193a97c1-4475-4a19-b90c-295c4fdc6517","object_key":"notebook/insurance-expenses-vizualization_dl_h3h0bz.ipynb","creator_id":"IBMid-310001D061","create_time":1622823647887,"size":18587,"is_remote":false,"is_managed":false,"is_referenced":true,"is_object_key_read_only":false,"is_user_provided_path_key":true,"transfer_complete":true,"is_partitioned":false,"complete_time_ticks":1622823647887,"user_data":{},"test_doc":0,"handle":{"bucket":"jumpstartyourjourney-donotdelete-pr-oqtdafrzfezmy8","location":"us-geo","key":"notebook/insurance-expenses-vizualization_dl_h3h0bz.ipynb","upload_id":"done","max_part_num":1},"usage":{"access_count":0,"last_accessor_id":"IBMid-310001D061","last_access_time":1622823647887}}]}
