{"metadata":{"asset_id":"aa192dbf-fdf9-4e3d-a7ca-21b42f1f0437","asset_attributes":["notebook"],"name":"insurance-expenses-vizualization","asset_type":"notebook","created_at":"2021-05-12T19:38:25Z","description":"","origin_country":"us","owner_id":"IBMid-50M71Q0T71","project_id":"80510568-d375-4755-8cf3-2a140b57ec5a","size":18587,"tags":["notebook"],"usage":{"last_update_time":1620848306479,"last_updated_at":"2021-05-12T19:38:26Z"}},"entity":{"notebook":{"kernel":"","originates_from":{"type":"blank"},"runtime":{"environment":"conda2py37-80510568-d375-4755-8cf3-2a140b57ec5a"}}},"attachments":[{"id":"ca759d09-0eed-4220-b351-e8031d0364b2","version":2,"asset_type":"notebook","name":"attachment for notebook aa192dbf-fdf9-4e3d-a7ca-21b42f1f0437","description":"attachment for notebook aa192dbf-fdf9-4e3d-a7ca-21b42f1f0437","mime":"application/json","datasource_type":"193a97c1-4475-4a19-b90c-295c4fdc6517","object_key":"notebook/insurance-expenses-vizualization_dl_h3h0bz.ipynb","creator_id":"IBMid-50M71Q0T71","create_time":1620848306478,"size":18587,"is_remote":false,"is_managed":false,"is_referenced":true,"is_object_key_read_only":false,"is_user_provided_path_key":true,"transfer_complete":true,"is_partitioned":false,"complete_time_ticks":1620848306478,"user_data":{},"test_doc":0,"handle":{"bucket":"creditriskproject-donotdelete-pr-u5f6cdjgn15ji3","location":"us-geo","key":"notebook/insurance-expenses-vizualization_dl_h3h0bz.ipynb","upload_id":"done","max_part_num":1},"usage":{"access_count":0,"last_accessor_id":"IBMid-50M71Q0T71","last_access_time":1620848306478}}]}
