{"metadata":{"asset_id":"0ad20d3a-81de-4282-a933-01ac81edb064","asset_attributes":["notebook"],"name":"predict-insurance-expenses-regression-with-scikit-","asset_type":"notebook","created_at":"2021-06-04T16:22:35Z","description":"","origin_country":"us","owner_id":"IBMid-310001D061","project_id":"67a0db6d-e08c-4249-b4b5-1cdae60b45f4","size":20776,"tags":["notebook"],"usage":{"last_update_time":1622823755720,"last_updated_at":"2021-06-04T16:22:35Z"}},"entity":{"notebook":{"kernel":"","originates_from":{"type":"blank"},"runtime":{"environment":"conda2py37-67a0db6d-e08c-4249-b4b5-1cdae60b45f4"}}},"attachments":[{"id":"b8db2a9f-992a-4b1c-9d3b-b992d02902cb","version":2,"asset_type":"notebook","name":"attachment for notebook 0ad20d3a-81de-4282-a933-01ac81edb064","description":"attachment for notebook 0ad20d3a-81de-4282-a933-01ac81edb064","mime":"application/json","datasource_type":"193a97c1-4475-4a19-b90c-295c4fdc6517","object_key":"notebook/predict-insurance-expenses-regression-with-scikit-_vsVkIMy7N.ipynb","creator_id":"IBMid-310001D061","create_time":1622823755720,"size":20776,"is_remote":false,"is_managed":false,"is_referenced":true,"is_object_key_read_only":false,"is_user_provided_path_key":true,"transfer_complete":true,"is_partitioned":false,"complete_time_ticks":1622823755720,"user_data":{},"test_doc":0,"handle":{"bucket":"jumpstartyourjourney-donotdelete-pr-oqtdafrzfezmy8","location":"us-geo","key":"notebook/predict-insurance-expenses-regression-with-scikit-_vsVkIMy7N.ipynb","upload_id":"done","max_part_num":1},"usage":{"access_count":0,"last_accessor_id":"IBMid-310001D061","last_access_time":1622823755720}}]}
