{"metadata":{"asset_id":"ac10c896-7af2-4597-817a-e0b231808ed3","asset_attributes":["notebook"],"name":"learning-python-3","asset_type":"notebook","created_at":"2021-05-12T19:36:56Z","description":"","origin_country":"us","owner_id":"IBMid-50M71Q0T71","project_id":"80510568-d375-4755-8cf3-2a140b57ec5a","size":32953,"tags":["notebook"],"usage":{"last_update_time":1620848217349,"last_updated_at":"2021-05-12T19:36:57Z"}},"entity":{"notebook":{"kernel":"","originates_from":{"type":"blank"},"runtime":{"environment":"conda2py37-80510568-d375-4755-8cf3-2a140b57ec5a"}}},"attachments":[{"id":"d8917e48-e3b4-4b2a-b053-d20da3b75772","version":2,"asset_type":"notebook","name":"attachment for notebook ac10c896-7af2-4597-817a-e0b231808ed3","description":"attachment for notebook ac10c896-7af2-4597-817a-e0b231808ed3","mime":"application/json","datasource_type":"193a97c1-4475-4a19-b90c-295c4fdc6517","object_key":"notebook/learning-python-3_yrdvhNwTL.ipynb","creator_id":"IBMid-50M71Q0T71","create_time":1620848217348,"size":32953,"is_remote":false,"is_managed":false,"is_referenced":true,"is_object_key_read_only":false,"is_user_provided_path_key":true,"transfer_complete":true,"is_partitioned":false,"complete_time_ticks":1620848217348,"user_data":{},"test_doc":0,"handle":{"bucket":"creditriskproject-donotdelete-pr-u5f6cdjgn15ji3","location":"us-geo","key":"notebook/learning-python-3_yrdvhNwTL.ipynb","upload_id":"done","max_part_num":1},"usage":{"access_count":0,"last_accessor_id":"IBMid-50M71Q0T71","last_access_time":1620848217348}}]}
