{"metadata":{"asset_id":"afc2c911-0e03-4b8c-8bcf-9e2ab4bdac92","asset_attributes":["notebook"],"name":"learning-python-3","asset_type":"notebook","created_at":"2021-06-04T16:20:44Z","description":"","origin_country":"us","owner_id":"iam-ServiceId-9e68bc5f-c5f6-4f6f-8bcf-e57f47b9d1b1","project_id":"67a0db6d-e08c-4249-b4b5-1cdae60b45f4","size":32953,"tags":["notebook"],"usage":{"last_update_time":1622823645260,"last_updated_at":"2021-06-04T16:20:45Z"}},"entity":{"notebook":{"kernel":"","originates_from":{"type":"file"},"runtime":{"environment":"conda2py37-67a0db6d-e08c-4249-b4b5-1cdae60b45f4"}}},"attachments":[{"id":"78c27068-bd35-4efd-a4ca-61a472cf6858","version":2,"asset_type":"notebook","name":"attachment for notebook afc2c911-0e03-4b8c-8bcf-9e2ab4bdac92","description":"attachment for notebook afc2c911-0e03-4b8c-8bcf-9e2ab4bdac92","mime":"application/json","datasource_type":"193a97c1-4475-4a19-b90c-295c4fdc6517","object_key":"notebook/learning-python-3_yrdvhNwTL.ipynb","creator_id":"IBMid-310001D061","create_time":1622823645260,"size":32953,"is_remote":false,"is_managed":false,"is_referenced":true,"is_object_key_read_only":false,"is_user_provided_path_key":true,"transfer_complete":true,"is_partitioned":false,"complete_time_ticks":1622823645260,"user_data":{},"test_doc":0,"handle":{"bucket":"jumpstartyourjourney-donotdelete-pr-oqtdafrzfezmy8","location":"us-geo","key":"notebook/learning-python-3_yrdvhNwTL.ipynb","upload_id":"done","max_part_num":1},"usage":{"access_count":0,"last_accessor_id":"IBMid-310001D061","last_access_time":1622823645260}}]}
